{"f1/train":0.001585885617999802,"_timestamp":1.757583005491254e+09,"_step":0,"_wandb":{"runtime":374},"_runtime":374.250175167}